{"서울특별시":{"강남구":"06000","강동구":"05200","강북구":"01000","강서구":"07500","관악구":"08700","광진구":"05000","구로구":"08200","금천구":"08500","노원구":"01600","도봉구":"01300","동대문구":"02400","동작구":"06900","마포구":"03900","서대문구":"03600","서초구":"06500","성동구":"04700","성북구":"02700","송파구":"05500","양천구":"07900","영등포구":"07200","용산구":"04300","은평구":"03300","종로구":"03000","중구":"04500","중랑구":"02000"},"부산광역시":{"강서구":"46700","금정구":"46200","기장군":"46000","남구":"48400","동구":"48700","동래구":"47700","부산진구":"47100","북구":"46500","사상구":"46900","사하구":"49300","서구":"49200","수영구":"48200","연제구":"47500","영도구":"49000","중구":"48900","해운대구":"48000"},"대구광역시":{"남구":"42400","달서구":"42600","달성군":"42900","동구":"41000","북구":"41400","서구":"41700","수성구":"42000","중구":"41900","군위군":"39000"},"인천광역시":{"강화군":"23000","계양구":"21000","남동구":"21500","동구":"22500","미추홀구":"22100","부평구":"21300","서구":"22600","연수구":"21900","옹진군":"23100","중구":"22300"},"광주광역시":{"광산구":"62200","남구":"61600","동구":"61400","북구":"61100","서구":"61900"},"대전광역시":{"대덕구":"34300","동구":"34500","서구":"35200","유성구":"34100","중구":"34800"},"울산광역시":{"남구":"44600","동구":"44000","북구":"44200","울주군":"44900","중구":"44400"},"세종특별자치시":{"세종특별자치시":"30000"},"경기도":{"가평군":"12400","고양시 덕양구":"10200","고양시 일산동구":"10300","고양시 일산서구":"10300","과천시":"13800","광명시":"14200","광주시":"12700","구리시":"11900","군포시":"15800","김포시":"10000","남양주시":"12000","동두천시":"11300","부천시":"14400","성남시 분당구":"13400","성남시 수정구":"13100","성남시 중원구":"13200","수원시 권선구":"16400","수원시 영통구":"16600","수원시 장안구":"16200","수원시 팔달구":"16400","시흥시":"14900","안산시 단원구":"15300","안산시 상록구":"15500","안성시":"17500","안양시 동안구":"14000","안양시 만안구":"13900","양주시":"11400","양평군":"12500","여주시":"12600","연천군":"11000","오산시":"18100","용인시 기흥구":"16900","용인시 수지구":"16800","용인시 처인구":"17000","의왕시":"16000","의정부시":"11600","이천시":"17300","파주시":"10800","평택시":"17700","포천시":"11100","하남시":"12900","화성시":"18200"},"강원특별자치도":{"강릉시":"25400","고성군":"24700","동해시":"25700","삼척시":"25900","속초시":"24800","양구군":"24500","양양군":"25000","영월군":"26200","원주시":"26400","인제군":"24600","정선군":"26100","철원군":"24000","춘천시":"24200","태백시":"26000","평창군":"25300","홍천군":"25100","화천군":"24100","횡성군":"25200"},"충청북도":{"괴산군":"28000","단양군":"27000","보은군":"28900","영동군":"29100","옥천군":"29000","음성군":"27600","제천시":"27100","증평군":"27900","진천군":"27800","청주시 상당구":"28700","청주시 서원구":"28600","청주시 청원구":"28300","청주시 흥덕구":"28100","충주시":"27300"},"충청남도":{"계룡시":"32800","공주시":"32500","금산군":"32700","논산시":"32900","당진시":"31700","보령시":"33400","부여군":"33100","서산시":"31900","서천군":"33600","아산시":"31400","예산군":"32400","천안시 동남구":"31200","천안시 서북구":"31000","청양군":"33300","태안군":"32100","홍성군":"32200"},"전북특별자치도":{"고창군":"56400","군산시":"54000","김제시":"54300","남원시":"55700","무주군":"55500","부안군":"56300","순창군":"56000","완주군":"55300","익산시":"54500","임실군":"55900","장수군":"55600","전주시 덕진구":"54800","전주시 완산구":"55000","정읍시":"56100","진안군":"55400"},"전라남도":{"강진군":"59200","고흥군":"59500","곡성군":"57500","광양시":"57700","구례군":"57600","나주시":"58200","담양군":"57300","목포시":"58600","무안군":"58500","보성군":"59400","순천시":"57900","신안군":"58800","여수시":"59600","영광군":"57000","영암군":"58400","완도군":"59100","장성군":"57200","장흥군":"59300","진도군":"58900","함평군":"57100","해남군":"59000","화순군":"58100"},"경상북도":{"경산시":"38400","경주시":"38000","고령군":"40100","구미시":"39100","김천시":"39500","문경시":"36900","봉화군":"36200","상주시":"37100","성주군":"40000","안동시":"36600","영덕군":"36400","영양군":"36500","영주시":"36000","영천시":"38800","예천군":"36800","울릉군":"40200","울진군":"36300","의성군":"37300","청도군":"38300","청송군":"37400","칠곡군":"39800","포항시 남구":"37800","포항시 북구":"37500"},"경상남도":{"거제시":"53200","거창군":"50100","고성군":"52900","김해시":"50800","남해군":"52400","밀양시":"50400","사천시":"52500","산청군":"52200","양산시":"50500","의령군":"52100","진주시":"52600","창녕군":"50300","창원시 마산합포구":"51700","창원시 마산회원구":"51300","창원시 성산구":"51500","창원시 의창구":"51100","창원시 진해구":"51600","통영시":"53000","하동군":"52300","함안군":"52000","함양군":"50000","합천군":"50200"},"제주특별자치도":{"서귀포시":"63500","제주시":"63000"}}